{
    "loss": 6.75881290435791,
    "accuracy": 0.5686274766921997
}