{
    "loss": 18.791147232055664,
    "accuracy": 0.4313725531101227
}