{
    "loss": 0.4795624613761902,
    "accuracy": 0.8627451062202454
}